Spotify URI,Title,Album,Artist(s),Submitter ID,Created,Comment,Round ID,Visible To Voters
spotify:track:0dMqh7owbgadoPtGQQxgI6,William Tell: Overture,"Smetana: The Moldau / Liszt: Les Pr√©ludes; Hungarian Rhapsody No.5 / Weber: Invitation to the Dance / Rossini: ""William Tell"" Overture","Gioachino Rossini, Ottomar Borwitzky, Berliner Philharmoniker, Herbert von Karajan",358deb46768b435fa9792a0b07ec3edc,2025-09-18T10:39:08Z," The opera is based on a legend about the Swiss hero William Tell.",a62cd51699f048569b0d0db7317e9195,Yes
spotify:track:0vTEksNDRuJxDMLOOgn0fA,The Call of the Mountains,Origins,Eluveitie,0f799cdea74542d58e7cbae2f55295ba,2025-09-15T08:56:04Z,,a62cd51699f048569b0d0db7317e9195,No
spotify:track:1EjIXKhNHI00ZLMRpS8iz8,The Code,The Code,Nemo,4ae7b0f87ef54f6aa2c0d84fd5095bc0,2025-09-12T10:15:53Z,This song won Eurovision Song Contest in 2024,a62cd51699f048569b0d0db7317e9195,Yes
spotify:track:2bQbVK7TNLKUODFQbdXKED,Yodeling Walmart Kid (Remix),Yodeling Walmart Kid (Remix),INAP,35e568d0fd964671b63dfded1e805166,2025-09-17T21:30:06Z,No comment needed,a62cd51699f048569b0d0db7317e9195,Yes
spotify:track:37OthWMtTnnEYyXZXndNKF,Made in Switzerland,Made in Switzerland,"Hazel Brugger, Sandra Studer, Petra Mede",e5bc1d75d91047bf8c5a85cfa65c8ec3,2025-09-17T11:54:22Z,,a62cd51699f048569b0d0db7317e9195,Yes
spotify:track:3f7OyfSoDbQC0LRDQiytPp,Mountain at My Gates,What Went Down,Foals,1fbeb8e751b34026ab02e32e0c33ac04,2025-09-12T11:24:31Z,Big big mountains,a62cd51699f048569b0d0db7317e9195,Yes
spotify:track:6AGVTz3PYx4CrssOhUy6fV,Oh Yeah,Oh Yeah,Yello,7d6f896a800440399fc393038965c91a,2025-09-12T12:10:43Z,So beautiful!,a62cd51699f048569b0d0db7317e9195,Yes
spotify:track:6DemMiyzRQIurW3tyd123p,Une Fois de Plus - 2025 Remaster,Le Pr√© O√π Je Suis Mort (2025 Remaster),Le Pr√© O√π Je Suis Mort,ca648ccb1a544236ab6e45caefcb8a10,2025-09-18T21:56:07Z,,a62cd51699f048569b0d0db7317e9195,Yes
spotify:track:7uv632EkfwYhXoqf8rhYrg,Angel,Mezzanine,"Massive Attack, Horace Andy",600f9469a79f4f72a4134cd162895e16,2025-09-12T14:15:19Z,"I was in Switzerland once, and my perception of this country is connected with an atmosphere of elitism, secret societies, hidden forces, and power. For me, it's the atmosphere of closed elite circles and hidden danger behind an elegant facade.
""Angel"" creates that kind of feeling.",a62cd51699f048569b0d0db7317e9195,Yes
spotify:track:7ve57V35wY1HpX92EqWWK0,To the Mountains,Clouds Rolling By,Bigbang,94efaee821454596a097af4e4e15e770,2025-09-18T21:10:04Z,,a62cd51699f048569b0d0db7317e9195,Yes
spotify:track:04MQqUj2S30n3eKG47196I,Greek Airport Departure Hall Ambience,Airports Sound Effects,Sound Ideas,4ae7b0f87ef54f6aa2c0d84fd5095bc0,2025-09-28T10:26:12Z,,e9382c5151f4497a8a8e43ec0e443454,No
spotify:track:0jqK7sGTLsHPkQrrcrGuKD,Still Waiting,Does This Look Infected?,Sum 41,1fbeb8e751b34026ab02e32e0c33ac04,2025-09-28T06:37:15Z,"This song was spinning in my head the whole time, wheather in check in queue, through security or waiting for the plane to departure",e9382c5151f4497a8a8e43ec0e443454,Yes
spotify:track:2DBlfjL5chsdeULzhTp5K8,Waiting Room,13 Songs,Fugazi,d6e274c9bc254d2c843d0f44fa804b98,2025-09-25T10:15:08Z,,e9382c5151f4497a8a8e43ec0e443454,Yes
spotify:track:3JOVTQ5h8HGFnDdp4VT3MP,Mad World,Trading Snakeoil for Wolftickets,"Gary Jules, Michael Andrews",751eb74df7b64863b23e024d2b9ee01f,2025-09-28T09:38:41Z,,e9382c5151f4497a8a8e43ec0e443454,Yes
spotify:track:3Vby4nGmtbDo7HDJamOWkT,Stuck In The Middle With You,Stealers Wheel,Stealers Wheel,35e568d0fd964671b63dfded1e805166,2025-09-27T14:28:02Z,,e9382c5151f4497a8a8e43ec0e443454,No
spotify:track:5BWxxLNAIUFc91q1daUnLI,The Doldrums (Friendly City),Rohnert Park,Ceremony,ca648ccb1a544236ab6e45caefcb8a10,2025-09-29T08:41:21Z,,e9382c5151f4497a8a8e43ec0e443454,Yes
spotify:track:5nVdKodqYGmlUw7cxuYJbf,FUCK AIRPORTS AIRPLANES AND EVERYTHING ASSOCIATED WITH AIR TRAVEL,WHEN YOUR TRAINWRECK LIFESTYLE GOES OFF THE RAILS ILL JUST STAND ASIDE AND WATCH,Shut the Fuck Up,0f799cdea74542d58e7cbae2f55295ba,2025-09-25T10:27:51Z,Internally screaming the whole flight home from Switzerland!,e9382c5151f4497a8a8e43ec0e443454,Yes
spotify:track:67iAlVNDDdddxqSD2EZhFs,I'm Gonna Be (500 Miles),Sunshine on Leith,The Proclaimers,e5bc1d75d91047bf8c5a85cfa65c8ec3,2025-09-25T10:23:02Z,"Because at that point, walking home seems like a solid plan.",e9382c5151f4497a8a8e43ec0e443454,Yes
spotify:track:6uGGlSAw2XtruAqFV8ST8J,A Bridge Over Novocaine,Disconnected,Jan Blomqvist,600f9469a79f4f72a4134cd162895e16,2025-09-27T16:23:09Z,,e9382c5151f4497a8a8e43ec0e443454,No
spotify:track:7nFSZ3VRZJZoUw6DWVOXV8,Darling Hold My Hand On Jet Holidays,Darling Hold My Hand On Jet Holidays,Gabriel Veras,358deb46768b435fa9792a0b07ec3edc,2025-09-25T13:45:25Z,,e9382c5151f4497a8a8e43ec0e443454,No
spotify:track:0yp3TvJNlG50Q4tAHWNCRm,Enjoy the Silence,"Violator | The 12"" Singles",Depeche Mode,751eb74df7b64863b23e024d2b9ee01f,2025-10-04T07:09:58Z,,bee77d4da74f4a6d9a3f4026f62c12f8,Yes
spotify:track:2iUrcZcAuVIahQD0dg9HLe,Autumn Leaves,My Funny Valentine: The Best Of Chet Baker,Chet Baker,4ae7b0f87ef54f6aa2c0d84fd5095bc0,2025-10-01T11:26:43Z,,bee77d4da74f4a6d9a3f4026f62c12f8,Yes
spotify:track:3AJwUDP919kvQ9QcozQPxg,Yellow,Parachutes,Coldplay,358deb46768b435fa9792a0b07ec3edc,2025-10-01T10:41:06Z,,bee77d4da74f4a6d9a3f4026f62c12f8,No
spotify:track:3YfS47QufnLDFA71FUsgCM,The Sound of Silence,The Singer,Simon & Garfunkel,e5bc1d75d91047bf8c5a85cfa65c8ec3,2025-10-02T09:20:13Z,,bee77d4da74f4a6d9a3f4026f62c12f8,Yes
spotify:track:3YRCqOhFifThpSRFJ1VWFM,November Rain,Use Your Illusion I,Guns N' Roses,600f9469a79f4f72a4134cd162895e16,2025-10-01T10:07:13Z,,bee77d4da74f4a6d9a3f4026f62c12f8,No
spotify:track:4ua0IepBEISCWwF8dTJvcU,Ghosts 'n' Stuff,For Lack Of A Better Name,"deadmau5, Rob Swire",1fbeb8e751b34026ab02e32e0c33ac04,2025-10-03T17:08:24Z,Autumn means soon halloween with all its ghosts and stuff,bee77d4da74f4a6d9a3f4026f62c12f8,Yes
spotify:track:4V0x90QcMh4ZxwHzEWOdtK,Feel It All Around,Life of Leisure,Washed Out,0f799cdea74542d58e7cbae2f55295ba,2025-10-01T11:13:33Z,"Sitting by the window, watching the leaves rot before winter, cozy, isn‚Äôt it?",bee77d4da74f4a6d9a3f4026f62c12f8,Yes
spotify:track:5e9TFTbltYBg2xThimr0rU,The Chain - 2004 Remaster,Rumours (Super Deluxe),Fleetwood Mac,35e568d0fd964671b63dfded1e805166,2025-10-04T09:02:32Z,,bee77d4da74f4a6d9a3f4026f62c12f8,No
spotify:track:5MmWgG5KgiqSxkOZdVXRQA,Why Does It Always Rain On Me?,The Man Who,Travis,94efaee821454596a097af4e4e15e770,2025-10-04T09:52:53Z,,bee77d4da74f4a6d9a3f4026f62c12f8,Yes
spotify:track:7gVJwjYcHjofd1oarcLv1x,Enden Av November,Maskineri,Kaizers Orchestra,d6e274c9bc254d2c843d0f44fa804b98,2025-10-03T09:49:30Z,,bee77d4da74f4a6d9a3f4026f62c12f8,Yes
spotify:track:0oIfmcl2WNCYwskrQPcylN,Bonde,Gobai,T√∏nes,d6e274c9bc254d2c843d0f44fa804b98,2025-10-08T08:48:52Z,,3b6553ed6cf646b0a84c4f3693f3e960,Yes
spotify:track:1Je1IMUlBXcx1Fz0WE7oPT,Wannabe,Spice,Spice Girls,358deb46768b435fa9792a0b07ec3edc,2025-10-07T14:43:08Z,,3b6553ed6cf646b0a84c4f3693f3e960,No
spotify:track:3MjUtNVVq3C8Fn0MP3zhXa,...Baby One More Time,...Baby One More Time (Digital Deluxe Version),Britney Spears,e5bc1d75d91047bf8c5a85cfa65c8ec3,2025-10-09T12:36:41Z,,3b6553ed6cf646b0a84c4f3693f3e960,Yes
spotify:track:4CeeEOM32jQcH3eN9Q2dGj,Smells Like Teen Spirit,Nevermind (Remastered),Nirvana,94efaee821454596a097af4e4e15e770,2025-10-07T12:52:05Z,,3b6553ed6cf646b0a84c4f3693f3e960,Yes
spotify:track:4GCGH6TJ69neckwITeBFXK,Earth Song,"HIStory - PAST, PRESENT AND FUTURE - BOOK I",Michael Jackson,0f799cdea74542d58e7cbae2f55295ba,2025-10-07T14:42:06Z,No introduction needed ,3b6553ed6cf646b0a84c4f3693f3e960,Yes
spotify:track:4T5Y25pWs2pVZVcFIqFuf8,You Should Be Dancing,The Ultimate Bee Gees,Bee Gees,7d6f896a800440399fc393038965c91a,2025-10-07T17:44:39Z,I‚Äôll see you on the dance floor!,3b6553ed6cf646b0a84c4f3693f3e960,Yes
spotify:track:4z0eFRqqgEq7CgWN7pA3ED,Ritual,None,Meshuggah,ca648ccb1a544236ab6e45caefcb8a10,2025-10-08T11:17:07Z,,3b6553ed6cf646b0a84c4f3693f3e960,Yes
spotify:track:5fy4vfEtv6lzqLx2Mt7stF,It's a Sin - 2018 Remaster,Actually: Further Listening 1987 - 1988 (2018 Remaster),Pet Shop Boys,600f9469a79f4f72a4134cd162895e16,2025-10-07T12:24:13Z,"Everything I've ever done
Everything I ever do
Every place I've ever been
Everywhere I'm going to
It's a sin",3b6553ed6cf646b0a84c4f3693f3e960,Yes
spotify:track:5moTxUGPZXgGmosl4rIELm,Anarchy In The UK,"Never Mind The Bollocks, Here‚Äôs The Sex Pistols",Sex Pistols,751eb74df7b64863b23e024d2b9ee01f,2025-10-10T09:59:46Z,,3b6553ed6cf646b0a84c4f3693f3e960,Yes
spotify:track:5TewgNx79xxmaPz1yjdrgj,"Danger Zone - From ""Top Gun"" Original Soundtrack",TOP GUN/SOUNDTRACK,Kenny Loggins,1fbeb8e751b34026ab02e32e0c33ac04,2025-10-07T10:12:21Z,"gammal, men god, akkurat s√• meg",3b6553ed6cf646b0a84c4f3693f3e960,Yes
spotify:track:5ZrDlcxIDZyjOzHdYW1ydr,Barbie Girl,Aquarium (Special Edition),Aqua,4ae7b0f87ef54f6aa2c0d84fd5095bc0,2025-10-07T12:10:41Z,,3b6553ed6cf646b0a84c4f3693f3e960,Yes
spotify:track:6qspW4YKycviDFjHBOaqUY,Waterfalls,Crazysexycool,TLC,35e568d0fd964671b63dfded1e805166,2025-10-07T10:05:58Z,,3b6553ed6cf646b0a84c4f3693f3e960,No
spotify:track:1aSbQpJBWFSnNywdSTL7LQ,A Million Little Pieces,Loud Like Love,Placebo,600f9469a79f4f72a4134cd162895e16,2025-10-16T06:56:04Z,,b15242d23b59412cb68d0c7e0790e7f4,No
spotify:track:1ixbwbeBi5ufN4noUKmW5a,Paper Planes,Kala,M.I.A.,751eb74df7b64863b23e024d2b9ee01f,2025-10-16T19:15:10Z,,b15242d23b59412cb68d0c7e0790e7f4,Yes
spotify:track:31CsSZ9KlQmEu0JvWSkM3j,Deslocado,Deslocado,NAPA,358deb46768b435fa9792a0b07ec3edc,2025-10-15T08:46:09Z,"This Portuguese song describes just this. 
Lyrics in english: 
<<no matter how it may seem
I'LL never belong to that city
the sea of people 
the different sun 
the concrete hills
don't stir anything in me
they don't feel like home >>",b15242d23b59412cb68d0c7e0790e7f4,Yes
spotify:track:4f5a77CWyrI4nko5kZcESs,Dritten i midten,Fritids,Pumpegris,d6e274c9bc254d2c843d0f44fa804b98,2025-10-16T18:59:45Z,,b15242d23b59412cb68d0c7e0790e7f4,Yes
spotify:track:4hsHJDyqcsxRrZzCTRi05c,Communique,Lumens,Beau Navire,ca648ccb1a544236ab6e45caefcb8a10,2025-10-17T08:44:17Z,The drummer moved from California to Oslo :),b15242d23b59412cb68d0c7e0790e7f4,Yes
spotify:track:4KFM3A5QF2IMcc6nHsu3Wp,Englishman In New York,...Nothing Like The Sun,Sting,35e568d0fd964671b63dfded1e805166,2025-10-16T07:42:14Z,,b15242d23b59412cb68d0c7e0790e7f4,No
spotify:track:4nOygULhEuDO5ZBRNPFaso,Wavin' Flag - Coca-Cola¬Æ Celebration Mix,Troubadour (Champion Edition - Asian Version),K'NAAN,e5bc1d75d91047bf8c5a85cfa65c8ec3,2025-10-14T10:45:21Z,,b15242d23b59412cb68d0c7e0790e7f4,Yes
spotify:track:5I2pryLKw0kmA41kEBBhFP,Land of Hope and Dreams,Wrecking Ball,Bruce Springsteen,7d6f896a800440399fc393038965c91a,2025-10-15T06:48:54Z,,b15242d23b59412cb68d0c7e0790e7f4,Yes
spotify:track:6aBUnkXuCEQQHAlTokv9or,This Must Be the Place (Naive Melody) - 2005 Remaster,Speaking in Tongues (Deluxe Version),Talking Heads,1fbeb8e751b34026ab02e32e0c33ac04,2025-10-16T09:14:42Z,A song about naivly reminiscing about home ,b15242d23b59412cb68d0c7e0790e7f4,Yes
spotify:track:77yGu0p7APK39lotu7CLk5,Think About Things,Think About Things,Da√∞i Freyr,4ae7b0f87ef54f6aa2c0d84fd5095bc0,2025-10-16T19:00:24Z,,b15242d23b59412cb68d0c7e0790e7f4,No
spotify:track:78lgmZwycJ3nzsdgmPPGNx,Immigrant Song - Remaster,Led Zeppelin III (Remaster),Led Zeppelin,0f799cdea74542d58e7cbae2f55295ba,2025-10-17T09:06:33Z,,b15242d23b59412cb68d0c7e0790e7f4,Yes
spotify:track:7j43FohbLVulScL7S9sQZk,Ausl√§nder,Rammstein,Rammstein,94efaee821454596a097af4e4e15e770,2025-10-15T11:54:47Z,,b15242d23b59412cb68d0c7e0790e7f4,Yes
spotify:track:088Q9GOYYH1dPtqUyMPrvW,Voodoo (Live),Rockefeller 09.03.18,Skambankt,1fbeb8e751b34026ab02e32e0c33ac04,2025-10-24T06:34:28Z,"Avskjedskonsert DNB Arena 2022

Chose Voodoo as a homage to D'Angelo ",987698caaa4947409b7f156db8ccaa3a,Yes
spotify:track:0aWhxzFrP2Yyz3CetJe0xE,Pass This On,Deep Cuts,The Knife,600f9469a79f4f72a4134cd162895e16,2025-10-21T11:33:11Z,The concert took place in November 2014 üôà in arena Berlin Treptow.,987698caaa4947409b7f156db8ccaa3a,No
spotify:track:0S3gpZzlT9Hb7CCSV2owX7,"Mama, I'm Coming Home",No More Tears (Expanded Edition),Ozzy Osbourne,751eb74df7b64863b23e024d2b9ee01f,2025-10-21T19:32:38Z,,987698caaa4947409b7f156db8ccaa3a,Yes
spotify:track:275XKjLmQFuZnxTvvtJ6VZ,Never Gonna Be Alone (feat. Lizzy McAlpine & John Mayer),Djesse Vol. 4,"Jacob Collier, Lizzy McAlpine, John Mayer",4ae7b0f87ef54f6aa2c0d84fd5095bc0,2025-10-22T11:40:46Z,,987698caaa4947409b7f156db8ccaa3a,Yes
spotify:track:2MuWTIM3b0YEAskbeeFE1i,Master Of Puppets,Master Of Puppets (Remastered),Metallica,e5bc1d75d91047bf8c5a85cfa65c8ec3,2025-10-21T10:47:17Z,,987698caaa4947409b7f156db8ccaa3a,Yes
spotify:track:4QKGfL8kmrAp6DobhkPVfq,Badekaret Til Pelle,Baderomsbaluba,Fattern,d6e274c9bc254d2c843d0f44fa804b98,2025-10-22T07:53:00Z,This song might not be the modern equivalent of Mozart. But the Fattern concert was one of the best concerts i have been too. Definitely the most unique one.,987698caaa4947409b7f156db8ccaa3a,Yes
spotify:track:4xEbZptSUUOqQzgCKjBWZq,Slaver Av Solen,Metropolis,Seigmen,7d6f896a800440399fc393038965c91a,2025-10-24T09:59:23Z,,987698caaa4947409b7f156db8ccaa3a,Yes
spotify:track:4XJjazvWtkCG4AMvO92yQg,Into the Sea,Exiles,Sivert H√∏yem,35e568d0fd964671b63dfded1e805166,2025-10-23T05:30:43Z,,987698caaa4947409b7f156db8ccaa3a,No
spotify:track:57bgtoPSgt236HzfBOd8kj,Thunderstruck,The Razors Edge,AC/DC,0f799cdea74542d58e7cbae2f55295ba,2025-10-21T11:23:27Z,Var p√• AC/DC Rock or Bust konserten i Oslo. Var 2015 p√• Valle Hovin stadion ü§ü,987698caaa4947409b7f156db8ccaa3a,Yes
spotify:track:6XjkKruyAUD4B3Y9yUbTBY,My Passion,My Passion,Akcent,358deb46768b435fa9792a0b07ec3edc,2025-10-21T12:51:17Z,He was the first concert I ever attended :) ,987698caaa4947409b7f156db8ccaa3a,Yes
spotify:track:03UrZgTINDqvnUMbbIMhql,Gangnam Style (Í∞ïÎÇ®Ïä§ÌÉÄÏùº),Gangnam Style (Í∞ïÎÇ®Ïä§ÌÉÄÏùº),PSY,600f9469a79f4f72a4134cd162895e16,2025-10-28T11:08:04Z,"The only thing I know is that Gangnam is a fancy business and residential area in Seoul. It's a symbol of wealth and modern life in Korea.
The song makes fun of the showy luxury of this area.",5d93cbde0774455c9325355074f5ea37,Yes
spotify:track:0g8Ct5ayf7UrHIcCS7KoLR,Laissez vivre les squelettes,Laisser vivre les squelettes,Da√Øtro,ca648ccb1a544236ab6e45caefcb8a10,2025-10-31T10:44:11Z,,5d93cbde0774455c9325355074f5ea37,Yes
spotify:track:0J8JXuvQADkec6AThPGzjR,„Å≤„ÇÖ„Çã„Çä„Çâ„Å±„Å£„Å± - HYURURIRAPAPPA,„Å≤„ÇÖ„Çã„Çä„Çâ„Å±„Å£„Å± - HYURURIRAPAPPA,tuki.,0f799cdea74542d58e7cbae2f55295ba,2025-10-28T12:04:47Z,,5d93cbde0774455c9325355074f5ea37,Yes
spotify:track:1MiVlLMCKrMV0uikVZK2Za,Pumpkin,Maxinquaye (Deluxe Edition),"Tricky, Martina Topley-Bird",7d6f896a800440399fc393038965c91a,2025-10-28T17:45:40Z,"Back in ‚Äò98 I spent hours playing and replaying this track to try to decipher the lyrics, and share them on lyrics page.

I was not successful‚Ä¶",5d93cbde0774455c9325355074f5ea37,Yes
spotify:track:4iQRVlSQoRWM3Q84LvJal4,Sof√∞u Unga √Åstin M√≠n - Stripped Version,Sof√∞u Unga √Åstin M√≠n (Stripped Version),KALEO,35e568d0fd964671b63dfded1e805166,2025-10-30T06:40:48Z,,5d93cbde0774455c9325355074f5ea37,No
spotify:track:4k3f5roTRO8X6QKdhWZQdE,Jin Go Lo Ba,Palookaville,Fatboy Slim,1fbeb8e751b34026ab02e32e0c33ac04,2025-10-28T11:24:54Z,,5d93cbde0774455c9325355074f5ea37,Yes
spotify:track:5awDvzxWfd53SSrsRZ8pXO,Du hast,Sehnsucht,Rammstein,e5bc1d75d91047bf8c5a85cfa65c8ec3,2025-10-28T12:55:06Z,,5d93cbde0774455c9325355074f5ea37,Yes
spotify:track:5YoITs1m0q8UOQ4AW7N5ga,Gasolina,Barrio Fino (Bonus Track Version),Daddy Yankee,751eb74df7b64863b23e024d2b9ee01f,2025-10-30T21:58:17Z,,5d93cbde0774455c9325355074f5ea37,Yes
spotify:track:6mhw2fEPH4fMF0wolNm96e,Macarena,Hits Of The 90s,Los Del Rio,4ae7b0f87ef54f6aa2c0d84fd5095bc0,2025-10-31T10:09:29Z,,5d93cbde0774455c9325355074f5ea37,Yes
spotify:track:7AqUE5AY514dbzeOAfJRa0,LOSER,BOOTLEG,Kenshi Yonezu,d6e274c9bc254d2c843d0f44fa804b98,2025-10-29T11:44:33Z,,5d93cbde0774455c9325355074f5ea37,Yes
spotify:track:7ih7pYSRZgWCTXuOmrnXjX,Dame Un Grrr,Dame Un Grrr,"Fantomel, Kate Linn",358deb46768b435fa9792a0b07ec3edc,2025-10-28T13:54:56Z,"Veryyy annoying song, just the tittle of the round reminded me of this ",5d93cbde0774455c9325355074f5ea37,Yes
spotify:track:1hm6ssIfZoHcg9O73zaTwq,Frostbiten,Frostbiten,Istapp,751eb74df7b64863b23e024d2b9ee01f,2025-11-05T21:56:34Z,,84a26b511a9245cc94dc58a7eb21a296,Yes
spotify:track:1otmhZinn0A8kzh3bEQUY7,Sola skinner,Et hundeliv,Jokke & Valentinerne,d6e274c9bc254d2c843d0f44fa804b98,2025-11-07T10:38:47Z,N√•r solen f√∏rst skinner s√• er det en god dag,84a26b511a9245cc94dc58a7eb21a296,Yes
spotify:track:373vZ0g1dpWaUcrbh0WKhd,Cloudbusting,Hounds Of Love,Kate Bush,1fbeb8e751b34026ab02e32e0c33ac04,2025-11-04T11:54:16Z,Cloudbusting is a pseudoscientific process of drawing rain out of clouds. Used in Rogaland to great success,84a26b511a9245cc94dc58a7eb21a296,Yes
spotify:track:3Al5aNJ6lu0LaQ6jsS2fQp,Regn,Metropolis,Seigmen,7d6f896a800440399fc393038965c91a,2025-11-05T12:25:25Z,,84a26b511a9245cc94dc58a7eb21a296,Yes
spotify:track:49FYlytm3dAAraYgpoJZux,Umbrella,Good Girl Gone Bad: Reloaded,"Rihanna, JAY-Z",358deb46768b435fa9792a0b07ec3edc,2025-11-05T21:57:35Z,,84a26b511a9245cc94dc58a7eb21a296,No
spotify:track:4C0PqltKur5SJW7uWI9eOl,Raining Again,Wowshit EP,Betoko,600f9469a79f4f72a4134cd162895e16,2025-11-04T13:22:56Z,,84a26b511a9245cc94dc58a7eb21a296,No
spotify:track:5g6nzsOxwxdoj6sqAl0NXB,It's Raining Men,The Best of Disco,The Weather Girls,4ae7b0f87ef54f6aa2c0d84fd5095bc0,2025-11-06T06:13:41Z,,84a26b511a9245cc94dc58a7eb21a296,No
spotify:track:6dGnYIeXmHdcikdzNNDMm2,Here Comes The Sun - Remastered 2009,Abbey Road (Remastered),The Beatles,e5bc1d75d91047bf8c5a85cfa65c8ec3,2025-11-06T08:50:49Z,How it could have been ,84a26b511a9245cc94dc58a7eb21a296,Yes
spotify:track:7ofwGsHoV2jSUArRXWBHtZ,Fish in the Sea,Nine Rows of Teeth,Storm Weather Shanty Choir,0f799cdea74542d58e7cbae2f55295ba,2025-11-05T14:26:08Z,,84a26b511a9245cc94dc58a7eb21a296,Yes
spotify:track:0bHD1nLe7Nhw55ZGJ92332,Bridge Burning,Wasting Light,Foo Fighters,0f799cdea74542d58e7cbae2f55295ba,2025-11-13T15:03:45Z,,f7026bc641634fb78848e26e6c0231b5,Yes
spotify:track:0nQLxiNGbbUoSGrxksETLm,The Power,World Power,SNAP!,751eb74df7b64863b23e024d2b9ee01f,2025-11-12T09:27:27Z,,f7026bc641634fb78848e26e6c0231b5,Yes
spotify:track:1EzrEOXmMH3G43AXT1y7pA,I'm Yours,We Sing. We Dance. We Steal Things.,Jason Mraz,35e568d0fd964671b63dfded1e805166,2025-11-13T06:39:06Z,,f7026bc641634fb78848e26e6c0231b5,No
spotify:track:2Foc5Q5nqNiosCNqttzHof,Get Lucky (Radio Edit) [feat. Pharrell Williams and Nile Rodgers],Get Lucky (Radio Edit) [feat. Pharrell Williams and Nile Rodgers],"Daft Punk, Pharrell Williams, Nile Rodgers",e5bc1d75d91047bf8c5a85cfa65c8ec3,2025-11-12T08:50:49Z,,f7026bc641634fb78848e26e6c0231b5,Yes
spotify:track:3EJDX96b1RHCREPEZyBdhd,Last Train To Trancentral - Live From The Lost Continent,Solid State Logik 1,The KLF,7d6f896a800440399fc393038965c91a,2025-11-12T11:36:19Z,"The KLF, founded by Bill Drummond and Jimmy Cauty, were one of the most unpredictable forces in late‚Äë80s and early‚Äë90s music. They pioneered ambient house with *Chill Out* (1990) and conquered the charts with *The White Room* (1991), producing global hits like ‚Äú3 a.m. Eternal,‚Äù ‚ÄúLast Train to Trancentral,‚Äù and ‚ÄúJustified & Ancient.‚Äù Their career was marked by anarchic gestures: in 1987 they clashed with ABBA over unauthorized samples and burned unsold records in a Swedish field; in 1992 they staged a notorious BRIT Awards performance with Extreme Noise Terror, firing blanks into the audience and leaving a dead sheep at the afterparty; and in 1994, as the K Foundation, they burned ¬£1 million in cash on the Isle of Jura. Shortly after the BRITs they deleted their back catalogue and retired. In just a few years they fused rave culture, pop stardom, and conceptual art, leaving behind a story that is both commercially dominant and astonishingly self‚Äëdestructive.",f7026bc641634fb78848e26e6c0231b5,Yes
spotify:track:3UmaczJpikHgJFyBTAJVoz,Stan,The Marshall Mathers LP,"Eminem, Dido",1fbeb8e751b34026ab02e32e0c33ac04,2025-11-14T08:35:33Z,This song brings me right back to when I was 15,f7026bc641634fb78848e26e6c0231b5,No
spotify:track:4PYiIgzcp4o5pEYji1xY9q,Masterpiece,Sweet Talker (Deluxe Version),Jessie J,358deb46768b435fa9792a0b07ec3edc,2025-11-14T10:01:48Z,,f7026bc641634fb78848e26e6c0231b5,Yes
spotify:track:6CjtS2JZH9RkDz5UVInsa9,Thrift Shop (feat. Wanz),The Heist,"Macklemore & Ryan Lewis, Macklemore, Ryan Lewis, Wanz",d6e274c9bc254d2c843d0f44fa804b98,2025-11-13T07:42:38Z,,f7026bc641634fb78848e26e6c0231b5,Yes
spotify:track:6nSKJWDpiNiLgmdofhgRXw,Ocean Planet,From Mars to Sirius,Gojira,ca648ccb1a544236ab6e45caefcb8a10,2025-11-14T10:21:54Z,,f7026bc641634fb78848e26e6c0231b5,Yes
spotify:track:7pDI2bx4HABLftXYtjlFGS,–ù–∞—Å –Ω–µ –¥–æ–≥–æ–Ω—è—Ç,200 –ü–æ –≤—Å—Ç—Ä–µ—á–Ω–æ–π,t.A.T.u.,600f9469a79f4f72a4134cd162895e16,2025-11-12T11:47:53Z,"""They won't catch up with us""",f7026bc641634fb78848e26e6c0231b5,Yes
spotify:track:0zsode8mKKQqC3LAIIi7Nf,Lonewolves,No Heroes,Converge,ca648ccb1a544236ab6e45caefcb8a10,2025-11-21T09:31:38Z,,111c647de73a412c9f475aea57820646,Yes
spotify:track:1H5tvpoApNDxvxDexoaAUo,Who Let The Dogs Out,Who Let The Dogs Out,Baha Men,0f799cdea74542d58e7cbae2f55295ba,2025-11-18T12:28:55Z,,111c647de73a412c9f475aea57820646,Yes
spotify:track:1vG3iXRxDW2vlA7Boi39RQ,Ulvetid,Kvelertak,Kvelertak,d6e274c9bc254d2c843d0f44fa804b98,2025-11-18T21:19:00Z,,111c647de73a412c9f475aea57820646,Yes
spotify:track:2ZjcutfwP6cWIohAsuE8Mj,The Wolfpack,The Age of Nero,Satyricon,751eb74df7b64863b23e024d2b9ee01f,2025-11-21T10:01:13Z,,111c647de73a412c9f475aea57820646,Yes
spotify:track:3LXzqwjJWhoHYIScm4JHY8,White Foxes,The Silicone Veil,Susanne Sundf√∏r,7d6f896a800440399fc393038965c91a,2025-11-20T13:16:27Z,,111c647de73a412c9f475aea57820646,Yes
spotify:track:3qT4bUD1MaWpGrTwcvguhb,Black Dog - Remaster,Led Zeppelin IV (Deluxe Edition),Led Zeppelin,e5bc1d75d91047bf8c5a85cfa65c8ec3,2025-11-18T11:03:58Z,,111c647de73a412c9f475aea57820646,Yes
spotify:track:4yJZP61jBhVTesHBZ0gpQn,Fox on the Run - Single Version,"Fox on the Run (from the ""Guardians of the Galaxy 2"" Trailer)",Sweet,35e568d0fd964671b63dfded1e805166,2025-11-21T10:53:49Z,,111c647de73a412c9f475aea57820646,No
spotify:track:4Zl4u5XQLxs9FQCSR040eJ,Pitbull Terrier,Donker Mag,Die Antwoord,600f9469a79f4f72a4134cd162895e16,2025-11-18T11:02:17Z,,111c647de73a412c9f475aea57820646,No
spotify:track:5HOpkTTVcmZHnthgyxrIL8,The Fox (What Does the Fox Say?),The Fox (What Does the Fox Say?),Ylvis,358deb46768b435fa9792a0b07ec3edc,2025-11-18T11:03:27Z,,111c647de73a412c9f475aea57820646,No
spotify:track:6Lf1ZPO4Q6B1eKIJztNrPN,Finn bikkjen!,Topp stemning p√• lokal bar,Casiokids,1fbeb8e751b34026ab02e32e0c33ac04,2025-11-18T11:26:28Z,Donde esta?,111c647de73a412c9f475aea57820646,Yes
spotify:track:1u3H87qJJmmctHKtTdF0rr,I Dovregubbens Hall,I Dovregubbens Hall,"Edvard Grieg, Per Dreier, Royal Philharmonic Orchestra",d6e274c9bc254d2c843d0f44fa804b98,2025-11-27T11:55:19Z,,b040e111bf81413485a630f40c3afa12,Yes
spotify:track:1uvyZBs4IZYRebHIB1747m,Purple Rain,Purple Rain,Prince,358deb46768b435fa9792a0b07ec3edc,2025-11-28T09:59:28Z,,b040e111bf81413485a630f40c3afa12,Yes
spotify:track:2z71jdeVcC782NgsYZ6N8q,Paranoid (2012 Remaster),Paranoid,Black Sabbath,35e568d0fd964671b63dfded1e805166,2025-11-27T11:35:27Z,Ozzy and that bat holding hands in the afterlife,b040e111bf81413485a630f40c3afa12,No
spotify:track:3Yv9CEIOJjpw8tgKJhbOcc,My Feelings For You - Radio Edit,My Feelings For You,"Avicii, Sebastien Drums",7d6f896a800440399fc393038965c91a,2025-11-25T13:49:45Z,"It's hard to choose from so many great songs, but this one makes me want to dance.",b040e111bf81413485a630f40c3afa12,Yes
spotify:track:4iRg9tHDgmRPvv56IC46Pl,–ì—Ä—É–ø–ø–∞ –∫—Ä–æ–≤–∏,–ì—Ä—É–ø–ø–∞ –∫—Ä–æ–≤–∏,Kino,600f9469a79f4f72a4134cd162895e16,2025-11-27T12:37:20Z,"Kino is one of the most popular and influential bands in the history of Russian music.
The band disbanded after the tragic death of the lead singer.",b040e111bf81413485a630f40c3afa12,Yes
spotify:track:4jK6bBO2JbkvvgT7FPj8c5,Poison's Gone,Montage Of Heck: The Home Recordings (Deluxe Soundtrack),Kurt Cobain,e5bc1d75d91047bf8c5a85cfa65c8ec3,2025-11-25T15:58:36Z,,b040e111bf81413485a630f40c3afa12,Yes
spotify:track:54yLLvpezvPO1lA3GspiZj,Holy Diver,Holy Diver,Dio,751eb74df7b64863b23e024d2b9ee01f,2025-11-28T10:14:32Z,,b040e111bf81413485a630f40c3afa12,Yes
spotify:track:72Z17vmmeQKAg8bptWvpVG,Space Oddity - 2015 Remaster,David Bowie (aka Space Oddity) [2015 Remaster],David Bowie,4ae7b0f87ef54f6aa2c0d84fd5095bc0,2025-11-28T10:40:03Z,,b040e111bf81413485a630f40c3afa12,Yes
spotify:track:7ACxUo21jtTHzy7ZEV56vU,Crazy Train,Blizzard Of Ozz (40th Anniversary Expanded Edition),Ozzy Osbourne,0f799cdea74542d58e7cbae2f55295ba,2025-11-26T09:02:17Z,Ozzy forever!,b040e111bf81413485a630f40c3afa12,Yes
spotify:track:7efKRfmM305bVExwGXO6h7,Hurrian Hymn to Nikkal,Echoes of Ancient Mesopotamia & Canaan,Michael Levy,ca648ccb1a544236ab6e45caefcb8a10,2025-11-26T08:51:27Z,"A reconstruction of the oldest recorded piece of written music, over 3200 years old. This is a hymn to the Great Goddess Nikkal (Nikkalu in Ugaritic) composed by a sacred scribe by the name of Hammurapi. From https://www.heritageforpeace.org/the-hymn-to-nikkal/",b040e111bf81413485a630f40c3afa12,Yes
spotify:track:7rt0kEDWRg3pgTZJKuszoE,Brown Sugar,Brown Sugar,D'Angelo,1fbeb8e751b34026ab02e32e0c33ac04,2025-11-27T15:12:18Z,Pour one out for a legend,b040e111bf81413485a630f40c3afa12,Yes
spotify:track:2cGIuZSxcYFeXOZohkUEgy,Broken Mirror,THE FUTURE IS HERE AND EVERYTHING NEEDS TO BE DESTROYED,"The Armed, Prostitute",ca648ccb1a544236ab6e45caefcb8a10,2025-12-03T08:59:57Z,,27999c792a2e4e2f95557e010f306cbf,Yes
spotify:track:2OPtXK15baz70C4r9OaA18,We Rule the Waves,We Rule the Waves,Amon Amarth,0f799cdea74542d58e7cbae2f55295ba,2025-12-04T22:46:43Z,,27999c792a2e4e2f95557e010f306cbf,Yes
spotify:track:2UwXKNBx2Kygdk8FXjJU78,Graceful Degradation,Recursive Infinity,The Algorithm,7d6f896a800440399fc393038965c91a,2025-12-04T11:32:52Z,Dark Hacker Music...,27999c792a2e4e2f95557e010f306cbf,Yes
spotify:track:2vs14joC41ddSLHDBk45Js,Vekk meg opp!,Wake up Norway!,Bastian!,d6e274c9bc254d2c843d0f44fa804b98,2025-12-05T07:57:00Z,,27999c792a2e4e2f95557e010f306cbf,Yes
spotify:track:4ljLLDHMsmMSATKF5BQUlV,Folle frysa,Folle frysa,"T√∏nes, Lindstr√∏m",1fbeb8e751b34026ab02e32e0c33ac04,2025-12-05T10:22:21Z,Bare leida 'an ska ligga der,27999c792a2e4e2f95557e010f306cbf,Yes
spotify:track:4pawR52ONFQTCYUzI6C2xZ,Till I Die (feat. Claudia Valentina),Till I Die (feat. Claudia Valentina),"Anyma, Solomun, Claudia Valentina",600f9469a79f4f72a4134cd162895e16,2025-12-05T01:35:11Z,,27999c792a2e4e2f95557e010f306cbf,No
spotify:track:53iuhJlwXhSER5J2IYYv1W,The Fate of Ophelia,The Life of a Showgirl,Taylor Swift,4ae7b0f87ef54f6aa2c0d84fd5095bc0,2025-12-05T07:28:42Z,"It's on top of Hot Hits Norway, so should get many votes",27999c792a2e4e2f95557e010f306cbf,No
spotify:track:6c0iubyk4OnTvTGBUzuDid,Home,Home,The Ting Tings,35e568d0fd964671b63dfded1e805166,2025-12-04T22:30:25Z,,27999c792a2e4e2f95557e010f306cbf,No
spotify:track:6qqrTXSdwiJaq8SO0X2lSe,Ordinary,Ordinary,Alex Warren,e5bc1d75d91047bf8c5a85cfa65c8ec3,2025-12-03T06:59:11Z,,27999c792a2e4e2f95557e010f306cbf,Yes
spotify:track:6V4ntlX6608rd3Ec5SpVhj,Berghain,Berghain,"ROSAL√çA, Bj√∂rk, Yves Tumor",358deb46768b435fa9792a0b07ec3edc,2025-12-02T12:32:21Z,,27999c792a2e4e2f95557e010f306cbf,Yes
spotify:track:7so0lgd0zP2Sbgs2d7a1SZ,Die With A Smile,MAYHEM,"Lady Gaga, Bruno Mars",751eb74df7b64863b23e024d2b9ee01f,2025-12-05T10:42:22Z,,27999c792a2e4e2f95557e010f306cbf,Yes
spotify:track:0Giv6KVFpFI1Pyqnw108VF,Skomakergata (Kjenningsmelodi),Jul i Skomakergata - Den Store Smultringplanen,Henki Kolstad,7d6f896a800440399fc393038965c91a,2025-12-12T06:16:24Z,,75788b4228314edfafd88c289051b033,Yes
spotify:track:1FlxqJmoZWS2q1uRlyZVur,"Main Title ""Somewhere in My Memory"" (From ""Home Alone"" Soundtrack)",Home Alone (Original Motion Picture Soundtrack),John Williams,1fbeb8e751b34026ab02e32e0c33ac04,2025-12-09T17:11:27Z,,75788b4228314edfafd88c289051b033,Yes
spotify:track:2FRnf9qhLbvw8fu4IBXx78,Last Christmas,LAST CHRISTMAS,Wham!,e5bc1d75d91047bf8c5a85cfa65c8ec3,2025-12-09T13:03:55Z,,75788b4228314edfafd88c289051b033,Yes
spotify:track:2mYwYlM3pcWKsqIofMMT8U,Jingle Bells Trap Remix - Extreme Bass Boosted,Christmas Songs Remix (Bass Boosted Christmas Remixes),"Bass Boosted HD, DJ REMIX, Christmas Songs Remix",358deb46768b435fa9792a0b07ec3edc,2025-12-09T19:17:45Z,,75788b4228314edfafd88c289051b033,No
spotify:track:3Z3QhZAZpqwZa1phsbQ3JZ,Driving Home for Christmas,The Works,Chris Rea,35e568d0fd964671b63dfded1e805166,2025-12-12T10:54:31Z,,75788b4228314edfafd88c289051b033,No
spotify:track:5OXMJJyeKTqYjgMPL5BohL,If It Doesn't Snow On Christmas,Vincent LaGuardia Gambini Sings Just For You,Joe Pesci,751eb74df7b64863b23e024d2b9ee01f,2025-12-12T10:09:36Z,,75788b4228314edfafd88c289051b033,Yes
spotify:track:5q54Y9ZR4F0Nh8F83IJB9l,Run Rudolph Run,Run Rudolph Run,Foo Fighters,0f799cdea74542d58e7cbae2f55295ba,2025-12-11T11:12:02Z,,75788b4228314edfafd88c289051b033,Yes
spotify:track:6trxvx0yHHnGqpkWGJkKag,There Lies Pinchcliffe,Pinchcliffe Grand Prix (Original Motion Picture Soundtrack),Bent Fabricius-Bjerre,ca648ccb1a544236ab6e45caefcb8a10,2025-12-09T17:56:44Z,,75788b4228314edfafd88c289051b033,Yes
spotify:track:7qRBiX2P5wDMD5wkXEsRMD,T≈ôi O≈ô√≠≈°ky Pro Popelku (Motiv I.) - √övod,T≈ôi O≈ô√≠≈°ky Pro Popelku (Original Soundrack),"Stepan Konicek, Filmov√Ω symfonick√Ω orchestr",d6e274c9bc254d2c843d0f44fa804b98,2025-12-09T11:16:46Z,,75788b4228314edfafd88c289051b033,Yes
spotify:track:7uoFMmxln0GPXQ0AcCBXRq,Snowman,Everyday Is Christmas (Deluxe Edition),Sia,600f9469a79f4f72a4134cd162895e16,2025-12-12T08:00:27Z,,75788b4228314edfafd88c289051b033,No
